0842d2e6-794a-433e-b824-c33075c1c498,Yorker,Martyns
cc12cbb3-c308-4f15-8586-1942ab1dade7,Matty,Beaton
1c719ab0-591a-438c-93ac-27e1df489468,Olga,Talloe
bae52836-6a82-4124-818a-d0cc34f51a54,Odelle,Chesnut
e7972e5f-758c-42c4-8a9b-f0a5a54d8261,Godart,Chislett
ab9e8a8c-5d2e-468e-aa21-849d6af5b1c4,Deloria,Yedall
8b352539-f833-4d7f-a50b-65b319ea5457,Brockie,Pirot
06489787-2a6b-404e-b636-d84b909665e5,Corly,D'Antuoni
c5c19586-865b-48e5-ba9b-6a2123d31f5e,Malanie,Raywood
294f88bf-1877-4609-a141-d3ba55d953cf,Hillyer,Dunsmore
2066aaf1-9044-4b4e-bdaa-114417dd8c72,Adoree,Cuel
72f5dba8-abe7-4659-b08e-7b90868c2101,Kaspar,Beams
7d52860b-7371-47b5-a145-8f8d5715a2eb,Reider,Leaf
6a069967-9f0e-47cc-8aef-2c8e14e03923,Gasper,Edgeon
5933fe7e-2320-4a3f-b0fc-163ab528a354,Kalie,Richard
a590df1a-83bb-4b54-8504-1d0fa7ef260b,Maria,Edgerley
23a60f1a-a140-412c-9e48-10572a4dbd94,Dorine,Sheriff
f02e7c12-d4b2-4908-bf60-0b9c844f86f2,Elsworth,Bartul
f548926f-da75-497b-9b84-b5983d10f066,Ellynn,Rubinowicz
83ef51bd-2d5a-4056-90e1-306caeba33ad,Blakelee,Momery
